{
  "sherman": {
    "neLat": 36.500684,
    "neLng": -101.623466,
    "swLat": 36.055131,
    "swLng": -102.163303
  },
  "ochiltree": {
    "neLat": 36.49994,
    "neLng": -100.545979,
    "swLat": 36.056536,
    "swLng": -101.085745
  },
  "lamb": {
    "neLat": 34.313297,
    "neLng": -102.085733,
    "swLat": 33.824596,
    "swLng": -102.615596
  },
  "moore": {
    "neLat": 36.055627,
    "neLng": -101.6226,
    "swLat": 35.619923,
    "swLng": -102.163058
  }
}